<?xml version="1.0" encoding="UTF-8"?>
<sltp_graph version="1.1" packageUris="http://schema.mathworks.com/mf0/sltp_mm/R2018b_201805251631">
  <sltp.mm.core.Context type="sltp.mm.core.Context" uuid="771946b8-c2ac-4bee-b010-751e4d22e475">
    <priorityDirection>HighNumberLast</priorityDirection>
    <tasks type="sltp.mm.core.Task" uuid="c9dfd36d-0a6c-4898-9eb6-276342a1713d"/>
    <tasks type="sltp.mm.core.Task" uuid="49bd4e98-ef13-4106-8605-adf0d4b5c537"/>
    <rootTask type="sltp.mm.core.Task" uuid="c9dfd36d-0a6c-4898-9eb6-276342a1713d">
      <context type="sltp.mm.core.Context" uuid="771946b8-c2ac-4bee-b010-751e4d22e475"/>
      <explicit>false</explicit>
      <name>Default</name>
      <priority>-2147483648</priority>
      <subgraph type="sltp.mm.core.Graph" uuid="20775654-2d43-43e0-a14f-48cd52b9e2bd">
        <tasks type="sltp.mm.core.Task" uuid="49bd4e98-ef13-4106-8605-adf0d4b5c537">
          <baseTask>true</baseTask>
          <context type="sltp.mm.core.Context" uuid="771946b8-c2ac-4bee-b010-751e4d22e475"/>
          <explicit>false</explicit>
          <id>1</id>
          <name>FiM</name>
          <priority>40</priority>
          <rates type="sltp.mm.core.Rate" uuid="8a3756e4-b143-44ca-be17-eea45c359444">
            <color>255</color>
            <rateSpec type="sltp.mm.core.RateSpec">
              <offset>1</offset>
              <period>0</period>
            </rateSpec>
            <sti>-1</sti>
          </rates>
        </tasks>
      </subgraph>
    </rootTask>
  </sltp.mm.core.Context>
</sltp_graph>