<?xml version="1.0" encoding="UTF-8"?>
<sltp_editor version="1.1" packageUris="http://schema.mathworks.com/mf0/DiagramEditor/19700101 http://schema.mathworks.com/mf0/SltpSyntax/R2018b_201805311549">
  <diagram.editor.model.Diagram type="diagram.editor.model.Diagram" uuid="1f2473ad-3104-465c-ae87-5252be51535a">
    <entities type="diagram.editor.model.Entity" uuid="9d972564-c43f-49d8-9b3a-2a491daffc09">
      <position type="diagram.editor.model.Point"/>
      <size type="diagram.editor.model.Rect">
        <height>100</height>
        <width>100</width>
      </size>
      <syntaxElement type="sltp.mm.syntax.Node" uuid="b7970d9f-34b8-417a-ab1a-02ded758edaf"/>
      <title>FiM</title>
      <type>base</type>
      <subDiagram type="diagram.editor.model.Diagram" uuid="1d474f36-fccb-4363-b85d-30020d35bf80">
        <position type="diagram.editor.model.Point"/>
        <size empty="true"/>
        <syntaxElement type="sltp.mm.syntax.Graph" uuid="fe1c6c77-48bf-4828-84a0-37be260cc490"/>
        <title>FiM</title>
        <type>graph.Graph</type>
      </subDiagram>
    </entities>
    <position empty="true"/>
    <size empty="true"/>
    <syntaxElement type="sltp.mm.syntax.Graph" uuid="368c22cb-a2c5-4776-b349-54f825225b26"/>
    <title>Default</title>
    <type>graph.Graph</type>
  </diagram.editor.model.Diagram>
  <sltp.mm.syntax.Graph type="sltp.mm.syntax.Graph" uuid="368c22cb-a2c5-4776-b349-54f825225b26">
    <children type="sltp.mm.syntax.Node" uuid="b7970d9f-34b8-417a-ab1a-02ded758edaf">
      <priority>40</priority>
      <rates type="sltp.mm.syntax.RateData">
        <color>#000000</color>
        <rate>[0, 1]</rate>
      </rates>
      <title>FiM</title>
      <type>base</type>
      <diagramElement type="diagram.editor.model.Entity" uuid="9d972564-c43f-49d8-9b3a-2a491daffc09"/>
      <subgraph type="sltp.mm.syntax.Graph" uuid="fe1c6c77-48bf-4828-84a0-37be260cc490">
        <title>FiM</title>
        <diagramElement type="diagram.editor.model.Diagram" uuid="1d474f36-fccb-4363-b85d-30020d35bf80"/>
      </subgraph>
    </children>
    <title>Default</title>
    <diagramElement type="diagram.editor.model.Diagram" uuid="1f2473ad-3104-465c-ae87-5252be51535a"/>
  </sltp.mm.syntax.Graph>
</sltp_editor>