<?xml version="1.0" encoding="utf-8"?>
<Stateflow>
  <machine id="16">
    <P Name="created">21-Jun-2019 15:39:23</P>
    <P Name="isLibrary">0</P>
    <P Name="sfVersion">80000014</P>
    <Children>
      <target id="28" name="sfun">
        <P Name="description">Default Simulink S-Function Target.</P>
      </target>
      <chart id="17">
        <P Name="name">MATLAB Function</P>
        <P Name="windowPosition">[422 539.941 189 413]</P>
        <P Name="viewLimits">[0 156.75 0 153.75]</P>
        <P Name="screen">[1 1 3600 1200 1.180555555555556]</P>
        <P Name="viewObj">17</P>
        <P Name="visible">1</P>
        <subviewS/>
        <P Name="ssIdHighWaterMark">15</P>
        <P Name="decomposition">CLUSTER_CHART</P>
        <P Name="type">EML_CHART</P>
        <P Name="chartFileNumber">2</P>
        <P Name="disableImplicitCasting">1</P>
        <eml>
          <P Name="name">fcn</P>
        </eml>
        <Children>
          <state SSID="1">
            <P Name="labelString">eML_blk_kernel()</P>
            <P Name="position">[18 64.5 118 66]</P>
            <P Name="fontSize">12</P>
            <P Name="superState">SUBCHART</P>
            <P Name="subviewer">17</P>
            <P Name="type">FUNC_STATE</P>
            <P Name="decomposition">CLUSTER_STATE</P>
            <eml>
              <P Name="isEML">1</P>
              <P Name="script">

% function [motor_0, motor_1, motor_2, motor_3] = fcn(motor_id)
function [motor_0, motor_1, motor_2, motor_3] = fcn(motor_id, motor_vel_in)

time = -1:0.01:5;
%time, x-axis

u_step = time&gt;=0;
%unit step for presentation

switch motor_id
%----------------------------------------------------------------%
    case 0
%----------------------------------------------------------------%
        motor_0 = motor_vel_in;
        motor_1 = 0;
        motor_2 = 0;
        motor_3 = 0;   
        
% In case motor ZERO is selected to run
        subplot(4,1,1)
        plot(time, motor_0*u_step)
        title(&apos;motor 0 : ON&apos;)
        
% Motor ONE is working and remaining are OFF        
        subplot(4,1,2)
        plot(time,motor_1*u_step)
        title(&apos;motor 1 : OFF&apos;)

% Motor TWO is OFF
        subplot(4,1,3)
        plot(time,motor_2*u_step)
        title(&apos;motor 2 : OFF&apos;)

% Motor THREE is OFF
        subplot(4,1,4)
        plot(time, motor_3*u_step)
        title(&apos;motor 3 : OFF&apos;)
        return;
        
%----------------------------------------------------------------%
    case 1
%----------------------------------------------------------------%
        motor_1 = motor_vel_in;
        motor_0 = 0;
        motor_2 = 0;
        motor_3 = 0;
       
% In case motor ZERO is selected to run
        subplot(4,1,1)
        plot(time, motor_0*u_step)
        title(&apos;motor 0 : OFF&apos;)
        
% Motor ONE is working and remaining are OFF        
        subplot(4,1,2)
        plot(time,motor_1*u_step)
        title(&apos;motor 1 : ON&apos;)

% Motor TWO is OFF
        subplot(4,1,3)
        plot(time,motor_2*u_step)
        title(&apos;motor 2 : OFF&apos;)

% Motor THREE is OFF
        subplot(4,1,4)
        plot(time, motor_3*u_step)
        title(&apos;motor 3 : OFF&apos;)
        return;
       
%----------------------------------------------------------------%
    case 2
%----------------------------------------------------------------%
        motor_2 = motor_vel_in;
        motor_0 = 0;
        motor_1 = 0;
        motor_3 = 0;
     
% In case motor ZERO is selected to run
        subplot(4,1,1)
        plot(time, motor_0*u_step, &apos;r&apos;)
        title(&apos;motor 0 : OFF&apos;)
        
% Motor ONE is working and remaining are OFF        
        subplot(4,1,2)
        plot(time,motor_1*u_step)
        title(&apos;motor 1 : OFF&apos;)

% Motor TWO is OFF
        subplot(4,1,3)
        plot(time,motor_2*u_step)
        title(&apos;motor 2 : ON&apos;)

% Motor THREE is OFF
        subplot(4,1,4)
        plot(time, motor_3*u_step)
        title(&apos;motor 3 : OFF&apos;)
        return;
        
%----------------------------------------------------------------%
    case 3
%----------------------------------------------------------------%
        motor_0 = 0;
        motor_1 = 0;
        motor_2 = 0;
        motor_3 = motor_vel_in;
        
        
% In case motor ZERO is selected to run
        subplot(4,1,1)
        plot(time, motor_0*u_step, &apos;r&apos;)
        title(&apos;motor 0 : OFF&apos;)
        
% Motor ONE is working and remaining are OFF        
        subplot(4,1,2)
        plot(time,motor_1*u_step)
        title(&apos;motor 1 : OFF&apos;)

% Motor TWO is OFF
        subplot(4,1,3)
        plot(time,motor_2*u_step)
        title(&apos;motor 2 : OFF&apos;)

% Motor THREE is OFF
        subplot(4,1,4)
        plot(time, motor_3*u_step)
        title(&apos;motor 3 : ON&apos;)
        return;
    otherwise
% In case of wrong input
error(&apos;wrong id&apos;)

        
end

        
</P>
              <P Name="editorLayout" Class="double">Matrix(4,1)
[10.0, 5.0, 700.0, 500.0]</P>
            </eml>
          </state>
          <data SSID="10" name="motor_0">
            <P Name="scope">OUTPUT_DATA</P>
            <props>
              <array>
                <P Name="size">-1</P>
              </array>
              <type>
                <P Name="method">SF_INHERITED_TYPE</P>
                <P Name="primitive">SF_DOUBLE_TYPE</P>
                <P Name="isSigned">1</P>
                <P Name="wordLength">16</P>
              </type>
              <P Name="complexity">SF_COMPLEX_INHERITED</P>
              <P Name="frame">SF_FRAME_NO</P>
              <unit>
                <P Name="name">inherit</P>
              </unit>
            </props>
            <P Name="dataType">Inherit: Same as Simulink</P>
          </data>
          <data SSID="4" name="motor_id">
            <P Name="scope">INPUT_DATA</P>
            <props>
              <array>
                <P Name="size">-1</P>
              </array>
              <type>
                <P Name="method">SF_INHERITED_TYPE</P>
                <P Name="primitive">SF_DOUBLE_TYPE</P>
              </type>
              <P Name="complexity">SF_COMPLEX_INHERITED</P>
              <unit>
                <P Name="name">inherit</P>
              </unit>
            </props>
            <P Name="dataType">Inherit: Same as Simulink</P>
          </data>
          <data SSID="7" name="motor_1">
            <P Name="scope">OUTPUT_DATA</P>
            <props>
              <array>
                <P Name="size">-1</P>
              </array>
              <type>
                <P Name="method">SF_INHERITED_TYPE</P>
                <P Name="primitive">SF_DOUBLE_TYPE</P>
                <P Name="isSigned">1</P>
                <P Name="wordLength">16</P>
              </type>
              <P Name="complexity">SF_COMPLEX_INHERITED</P>
              <P Name="frame">SF_FRAME_NO</P>
              <unit>
                <P Name="name">inherit</P>
              </unit>
            </props>
            <P Name="dataType">Inherit: Same as Simulink</P>
          </data>
          <data SSID="8" name="motor_2">
            <P Name="scope">OUTPUT_DATA</P>
            <props>
              <array>
                <P Name="size">-1</P>
              </array>
              <type>
                <P Name="method">SF_INHERITED_TYPE</P>
                <P Name="primitive">SF_DOUBLE_TYPE</P>
                <P Name="isSigned">1</P>
                <P Name="wordLength">16</P>
              </type>
              <P Name="complexity">SF_COMPLEX_INHERITED</P>
              <P Name="frame">SF_FRAME_NO</P>
              <unit>
                <P Name="name">inherit</P>
              </unit>
            </props>
            <P Name="dataType">Inherit: Same as Simulink</P>
          </data>
          <data SSID="9" name="motor_3">
            <P Name="scope">OUTPUT_DATA</P>
            <props>
              <array>
                <P Name="size">-1</P>
              </array>
              <type>
                <P Name="method">SF_INHERITED_TYPE</P>
                <P Name="primitive">SF_DOUBLE_TYPE</P>
                <P Name="isSigned">1</P>
                <P Name="wordLength">16</P>
              </type>
              <P Name="complexity">SF_COMPLEX_INHERITED</P>
              <P Name="frame">SF_FRAME_NO</P>
              <unit>
                <P Name="name">inherit</P>
              </unit>
            </props>
            <P Name="dataType">Inherit: Same as Simulink</P>
          </data>
          <data SSID="14" name="motor_vel_in">
            <P Name="scope">INPUT_DATA</P>
            <props>
              <array>
                <P Name="size">-1</P>
              </array>
              <type>
                <P Name="method">SF_INHERITED_TYPE</P>
                <P Name="primitive">SF_DOUBLE_TYPE</P>
                <P Name="isSigned">1</P>
                <P Name="wordLength">16</P>
              </type>
              <P Name="complexity">SF_COMPLEX_INHERITED</P>
              <P Name="frame">SF_FRAME_INHERITED</P>
              <unit>
                <P Name="name">inherit</P>
              </unit>
            </props>
            <P Name="dataType">Inherit: Same as Simulink</P>
          </data>
          <transition SSID="2">
            <P Name="labelString">{eML_blk_kernel();}</P>
            <P Name="labelPosition">[28.125 13.875 102.544 14.964]</P>
            <P Name="fontSize">12</P>
            <src>
              <P Name="intersection">[0 0 1 0 23.5747 14.625 0 0]</P>
            </src>
            <dst>
              <P Name="SSID">3</P>
              <P Name="intersection">[1 0 -1 0 23.5747 42.5747 0 0]</P>
            </dst>
            <P Name="midPoint">[23.5747 24.9468]</P>
            <P Name="dataLimits">[21.175 25.975 14.625 42.575]</P>
            <P Name="subviewer">17</P>
            <P Name="drawStyle">SMART</P>
            <slide>
              <P Name="sticky">BOTH_STICK</P>
            </slide>
            <P Name="executionOrder">1</P>
          </transition>
          <junction SSID="3">
            <P Name="position">[23.5747 49.5747 7]</P>
            <P Name="subviewer">17</P>
            <P Name="type">CONNECTIVE_JUNCTION</P>
          </junction>
        </Children>
      </chart>
    </Children>
  </machine>
  <instance id="27">
    <P Name="machine">16</P>
    <P Name="name">MATLAB Function</P>
    <P Name="chart">17</P>
  </instance>
</Stateflow>
